Resource Utilization,L2 Error
40666.6666666667,0.0045993599
43500,0.00010025
45666.6666666667,9.36E-006
55833.3333333333,1.32E-006
88333.3333333333,4.06E-007
