Resource Utilization,L2 Error
58000,0.0045993599
59166.6666666667,0.00010025
58833.3333333333,9.36E-006
75666.6666666667,1.32E-006
97666.6666666667,4.06E-007
