Resource Utilization,L2 Error
710400.000000005,0.0832482047
2870769.23076925,0.0820968607
