Resource Utilization,L2 Error
1224137.3808573,0.0309589689
12511132.1355676,0.011739164
