Resource Utilization,L2 Error
2033333.33333333,0.1724094774
2175000,0.0022443106
2283333.33333333,7.21E-005
2791666.66666667,1.16E-005
4416666.66666667,2.39E-006
