Resource Utilization,L2 Error
2900000,0.1724094774
2958333.33333333,0.0022443106
2941666.66666667,7.21E-005
3783333.33333333,1.16E-005
4883333.33333333,2.39E-006
