Resource Utilization,L2 Error
35519999.9999872,0.9082791458
143538461.53841,0.9018731506
