Resource Utilization,L2 Error
61200137.6352963,0.9349100488
625501255.906034,0.550324443
