Resource Utilization,L2 Error
203333.333333333,0.0198005612
217500,0.0002655074
228333.333333333,1.23E-005
279166.666666667,3.54E-006
441666.666666667,5.89E-007
