Resource Utilization,L2 Error
290000,0.0198005612
295833.333333333,0.0002655074
294166.666666667,1.23E-005
378333.333333333,3.54E-006
488333.333333333,5.89E-007
