Resource Utilization,L2 Error
3551999.99999988,0.3325094549
14353846.1538457,0.2789546625
