Resource Utilization,L2 Error
6120083.43881316,0.1652805378
62550100.3318191,0.0337704165
